t_rel_s,alt_ft,x_ft,y_ft,pitch,roll
0.00,2000.0,713396,1330032,0.0479,0.0000
0.00,2000.0,713396,1330032,0.0479,0.0000
4.63,2012.6,715834,1329214,0.0597,0.0000
5.12,2012.6,716086,1329129,0.0598,0.0000
5.61,2012.3,716335,1329045,0.0599,0.0000
6.09,2011.9,716581,1328962,0.0599,0.0000
6.58,2011.3,716828,1328879,0.0599,0.0000
7.07,2010.5,717074,1328796,0.0600,0.0000
7.55,2009.5,717316,1328714,0.0600,0.0000
8.15,2008.1,717617,1328613,0.0600,0.0000
8.63,2006.8,717856,1328532,0.0601,0.0000
9.11,2005.3,718094,1328452,0.0601,-0.0000
9.59,2003.7,718331,1328372,0.0601,0.0000
10.09,2001.9,718574,1328291,0.0602,0.0000
10.57,1999.9,718810,1328210,0.0602,0.0000
11.05,1997.9,719044,1328132,0.0602,0.0000
11.53,1995.6,719276,1328054,0.0602,0.0000
12.01,1993.3,719507,1327976,0.0602,0.0000
12.48,1990.7,719738,1327898,0.0603,0.0000
12.96,1988.1,719966,1327820,0.0603,0.0000
13.44,1985.2,720193,1327743,0.0603,-0.0000
13.91,1982.3,720420,1327667,0.0603,-0.0000
14.38,1979.2,720644,1327591,0.0603,-0.0000
14.85,1976.0,720866,1327516,0.0604,0.0000
15.32,1972.7,721087,1327442,0.0604,0.0000
15.79,1969.2,721307,1327367,0.0604,0.0000
16.26,1965.7,721524,1327293,0.0604,0.0000
16.75,1961.8,721756,1327215,0.0604,0.0000
17.24,1957.8,721984,1327137,0.0604,0.0000
17.73,1953.8,722209,1327060,0.0605,0.0000
18.21,1949.6,722431,1326986,0.0605,0.0000
18.69,1945.4,722652,1326912,0.0605,0.0000
19.18,1941.0,722872,1326838,0.0605,0.0000
19.66,1936.6,723091,1326764,0.0604,0.0000
20.14,1931.9,723311,1326689,0.0604,0.0000
20.62,1927.2,723531,1326614,0.0604,0.0000
21.12,1922.2,723752,1326539,0.0604,0.0000
21.45,1918.8,723902,1326488,0.0605,0.0000
21.78,1915.4,724050,1326438,0.0605,0.0000
22.11,1911.9,724198,1326387,0.0605,0.0000
22.44,1908.3,724346,1326336,0.0605,0.0000
22.77,1904.7,724492,1326287,0.0605,0.0000
23.10,1901.0,724639,1326238,0.0604,0.0000
23.43,1897.3,724786,1326188,0.0604,0.0000
23.76,1893.5,724933,1326139,0.0603,0.0000
24.09,1889.7,725079,1326089,0.0603,0.0000
24.43,1885.8,725225,1326040,0.0603,0.0000
24.76,1881.7,725372,1325990,0.0603,0.0000
25.10,1877.7,725520,1325940,0.0602,0.0000
25.44,1873.5,725667,1325890,0.0602,0.0000
25.77,1869.3,725815,1325840,0.0602,0.0000
26.11,1865.0,725963,1325789,0.0602,0.0000
26.46,1860.5,726114,1325738,0.0602,0.0000
26.81,1856.0,726266,1325686,0.0601,0.0000
27.16,1851.4,726416,1325634,0.0601,0.0000
27.51,1846.7,726569,1325582,0.0601,0.0000
27.87,1841.8,726723,1325529,0.0601,0.0000
28.23,1836.9,726877,1325477,0.0600,0.0000
28.59,1831.9,727032,1325423,0.0600,0.0000
28.95,1826.8,727187,1325370,0.0600,0.0000
29.32,1821.6,727342,1325316,0.0599,0.0000
29.68,1816.3,727499,1325263,0.0599,0.0000
30.05,1811.0,727653,1325210,0.0599,0.0000
30.41,1805.6,727807,1325157,0.0599,-0.0000
30.78,1800.2,727962,1325106,0.0598,-0.0000
31.14,1794.7,728115,1325054,0.0598,-0.0000
31.51,1788.9,728272,1325001,0.0598,-0.0000
31.88,1783.3,728426,1324950,0.0597,-0.0000
32.24,1777.6,728580,1324898,0.0597,-0.0000
32.61,1771.8,728734,1324846,0.0599,0.0000
32.98,1766.0,728888,1324794,0.0600,0.0000
33.34,1760.2,729043,1324742,0.0601,-0.0000
33.71,1754.5,729198,1324691,0.0603,0.0000
34.08,1748.8,729351,1324639,0.0604,0.0000
34.44,1743.1,729506,1324587,0.0605,0.0000
34.81,1737.4,729662,1324535,0.0605,-0.0000
35.18,1731.8,729817,1324483,0.0606,-0.0000
35.54,1726.3,729973,1324430,0.0606,-0.0000
35.92,1720.6,730133,1324375,0.0607,-0.0000
36.29,1715.1,730290,1324320,0.0607,-0.0000
36.66,1709.6,730447,1324266,0.0607,-0.0000
37.03,1704.2,730604,1324212,0.0607,-0.0000
37.40,1698.7,730762,1324158,0.0607,-0.0000
37.77,1693.3,730920,1324104,0.0607,-0.0000
38.14,1688.0,731077,1324050,0.0608,-0.0000
38.51,1682.7,731236,1323995,0.0608,-0.0000
38.89,1677.3,731398,1323940,0.0609,-0.0000
39.27,1672.0,731561,1323884,0.0610,-0.0000
39.65,1666.7,731725,1323829,0.0610,-0.0000
40.03,1661.6,731887,1323774,0.0611,-0.0000
40.40,1656.6,732048,1323719,0.0611,0.0000
40.78,1651.6,732211,1323664,0.0612,0.0000
41.15,1646.6,732374,1323609,0.0612,0.0000
41.53,1641.8,732539,1323554,0.0612,0.0000
41.91,1637.0,732703,1323499,0.0612,0.0000
42.28,1632.3,732867,1323444,0.0612,0.0000
42.66,1627.6,733032,1323388,0.0612,0.0000
43.04,1623.0,733196,1323332,0.0613,0.0000
43.41,1618.5,733362,1323276,0.0613,0.0000
43.79,1614.0,733528,1323219,0.0613,0.0000
44.16,1609.6,733693,1323162,0.0613,0.0000
44.54,1605.3,733859,1323105,0.0613,-0.0000
44.92,1601.0,734026,1323048,0.0613,-0.0000
45.29,1596.8,734192,1322991,0.0613,-0.0000
45.67,1592.6,734360,1322934,0.0613,-0.0000
46.04,1588.5,734527,1322877,0.0613,-0.0000
46.42,1584.4,734694,1322820,0.0613,-0.0000
46.80,1580.3,734866,1322762,0.0613,-0.0000
47.19,1576.3,735036,1322704,0.0613,0.0000
47.57,1572.3,735208,1322646,0.0613,0.0000
47.95,1568.4,735379,1322589,0.0613,0.0000
48.33,1564.6,735550,1322531,0.0613,0.0000
48.71,1560.8,735723,1322473,0.0613,0.0000
49.09,1557.1,735895,1322416,0.0614,0.0000
49.47,1553.5,736066,1322357,0.0614,0.0000
49.85,1550.0,736238,1322298,0.0614,0.0000
50.23,1546.6,736411,1322240,0.0614,0.0000
50.61,1543.2,736585,1322180,0.0615,0.0000
50.98,1539.9,736759,1322121,0.0614,0.0000
51.36,1536.7,736932,1322061,0.0614,0.0000
51.74,1533.5,737106,1322002,0.0613,0.0000
52.12,1530.4,737281,1321943,0.0613,0.0000
52.50,1527.4,737455,1321884,0.0612,0.0000
52.87,1524.4,737628,1321825,0.0612,0.0000
53.26,1521.3,737805,1321765,0.0612,0.0000
53.63,1518.4,737979,1321706,0.0612,0.0000
54.01,1515.4,738154,1321646,0.0612,0.0000
54.39,1512.5,738329,1321587,0.0611,0.0000
54.76,1509.6,738504,1321528,0.0611,0.0000
55.14,1506.8,738679,1321469,0.0611,0.0000
55.52,1504.0,738854,1321410,0.0611,0.0000
55.89,1501.3,739029,1321351,0.0611,0.0000
56.27,1498.5,739204,1321292,0.0611,0.0000
56.64,1495.9,739378,1321234,0.0611,0.0000
57.01,1493.2,739553,1321175,0.0611,0.0000
57.38,1490.6,739728,1321116,0.0611,0.0000
57.76,1488.0,739904,1321056,0.0611,0.0000
58.13,1485.5,740079,1320997,0.0611,0.0000
58.51,1482.9,740255,1320938,0.0611,0.0000
58.88,1480.4,740431,1320878,0.0611,0.0000
59.26,1478.0,740607,1320818,0.0611,0.0000
59.63,1475.5,740784,1320758,0.0611,0.0000
60.01,1473.1,740961,1320699,0.0611,0.0000
60.38,1470.7,741137,1320638,0.0611,0.0000
60.75,1468.4,741313,1320578,0.0610,0.0000
61.13,1466.1,741492,1320517,0.0610,0.0000
61.50,1463.7,741670,1320456,0.0610,0.0000
61.88,1461.4,741850,1320394,0.0610,0.0000
62.26,1459.2,742029,1320333,0.0610,0.0000
62.63,1457.0,742207,1320273,0.0610,0.0000
63.01,1454.8,742386,1320212,0.0610,0.0000
63.38,1452.6,742564,1320151,0.0610,0.0000
63.76,1450.5,742742,1320090,0.0610,0.0000
64.13,1448.4,742920,1320030,0.0610,0.0000
64.50,1446.4,743100,1319969,0.0610,0.0000
64.88,1444.3,743280,1319908,0.0610,0.0000
65.25,1442.3,743459,1319847,0.0610,0.0000
65.63,1440.4,743639,1319786,0.0610,0.0000
66.00,1438.4,743818,1319726,0.0610,0.0000
66.37,1436.5,743997,1319665,0.0610,0.0000
66.75,1434.7,744176,1319604,0.0610,0.0000
67.12,1432.8,744355,1319544,0.0609,0.0000
67.49,1431.0,744534,1319483,0.0609,0.0000
67.87,1429.3,744715,1319422,0.0609,0.0000
68.24,1427.5,744896,1319362,0.0609,0.0000
68.62,1425.7,745078,1319300,0.0601,0.0000
68.99,1423.9,745259,1319240,0.0577,0.0000
69.37,1421.6,745439,1319179,0.0536,0.0000
69.74,1418.6,745619,1319118,0.0481,0.0000
70.11,1414.5,745798,1319058,0.0412,0.0000
70.49,1408.9,745977,1318997,0.0330,0.0000
70.86,1401.7,746154,1318936,0.0238,0.0000
71.23,1392.5,746332,1318876,0.0134,0.0000
71.61,1381.2,746507,1318816,0.0021,0.0000
71.98,1367.8,746682,1318758,-0.0061,-0.0000
72.36,1353.3,746855,1318699,-0.0105,-0.0000
72.73,1337.9,747028,1318640,-0.0143,-0.0000
73.10,1321.8,747199,1318582,-0.0178,-0.0000
73.48,1305.0,747370,1318523,-0.0213,0.0000
73.85,1287.4,747540,1318465,-0.0236,0.0019
74.22,1269.4,747710,1318408,-0.0221,0.0136
74.60,1250.6,747881,1318351,-0.0169,0.0380
74.98,1231.7,748052,1318293,-0.0122,0.0610
75.36,1213.1,748221,1318236,-0.0056,0.0643
75.75,1194.9,748392,1318178,0.0023,0.0642
76.12,1177.6,748561,1318123,0.0081,0.0640
76.51,1161.1,748731,1318067,0.0113,0.0639
76.89,1145.7,748898,1318012,0.0123,0.0638
77.27,1130.9,749065,1317958,0.0116,0.0636
77.65,1116.6,749231,1317904,0.0098,0.0635
78.03,1102.6,749396,1317851,0.0072,0.0634
78.41,1088.3,749564,1317797,0.0040,0.0632
78.79,1074.0,749727,1317745,0.0004,0.0631
79.17,1059.5,749890,1317694,-0.0032,0.0629
79.55,1044.5,750053,1317643,-0.0065,0.0628
79.93,1029.2,750215,1317591,-0.0095,0.0627
80.30,1013.3,750376,1317542,-0.0121,0.0625
80.69,996.8,750538,1317492,-0.0123,0.0623
81.06,980.0,750697,1317443,-0.0099,0.0622
81.44,963.0,750857,1317394,-0.0042,0.0617
81.82,946.1,751016,1317344,0.0045,0.0608
82.20,929.4,751176,1317297,0.0143,0.0590
82.58,913.8,751335,1317249,0.0243,0.0553
82.96,899.5,751490,1317203,0.0330,0.0518
83.33,886.4,751644,1317156,0.0397,0.0506
83.70,874.4,751798,1317112,0.0449,0.0500
84.07,863.8,751950,1317068,0.0487,0.0475
84.44,854.0,752102,1317023,0.0502,0.0437
84.81,845.0,752252,1316979,0.0501,0.0410
85.18,836.6,752402,1316935,0.0489,0.0316
85.56,828.3,752556,1316891,0.0473,0.0072
85.93,820.4,752706,1316849,0.0452,-0.0151
86.30,812.3,752856,1316806,0.0436,-0.0217
86.68,804.2,753005,1316763,0.0422,-0.0220
87.05,796.0,753153,1316721,0.0417,-0.0220
87.42,787.7,753300,1316679,0.0413,-0.0219
87.79,779.2,753446,1316636,0.0417,-0.0222
88.16,770.6,753592,1316594,0.0427,-0.0226
88.53,761.9,753738,1316551,0.0454,-0.0227
88.91,753.2,753884,1316508,0.0510,-0.0227
89.28,744.9,754029,1316466,0.0574,-0.0227
89.65,736.9,754173,1316423,0.0629,-0.0226
90.03,729.5,754317,1316380,0.0675,-0.0226
90.40,722.7,754460,1316338,0.0708,-0.0226
90.78,716.4,754605,1316294,0.0730,-0.0226
91.16,710.7,754747,1316252,0.0742,-0.0226
91.53,705.3,754888,1316209,0.0747,-0.0225
91.91,700.3,755030,1316166,0.0747,-0.0225
92.28,695.5,755170,1316123,0.0748,-0.0225
92.66,690.7,755310,1316080,0.0751,-0.0225
93.03,686.0,755450,1316037,0.0756,-0.0224
93.41,681.4,755589,1315994,0.0761,-0.0224
93.78,676.7,755727,1315951,0.0766,-0.0224
94.16,672.1,755864,1315908,0.0771,-0.0224
94.56,667.2,756010,1315863,0.0777,-0.0224
94.95,662.4,756153,1315818,0.0784,-0.0223
95.33,657.7,756290,1315776,0.0791,-0.0223
95.70,653.1,756425,1315734,0.0801,-0.0223
96.08,648.5,756560,1315692,0.0820,-0.0223
96.46,643.9,756696,1315650,0.0841,-0.0223
96.83,639.4,756830,1315608,0.0859,-0.0222
97.21,635.1,756963,1315567,0.0874,-0.0222
97.59,630.8,757097,1315525,0.0891,-0.0222
97.96,626.7,757230,1315484,0.0919,-0.0222
98.34,622.8,757362,1315443,0.0964,-0.0222
98.71,619.0,757493,1315402,0.1015,-0.0222
99.09,615.6,757624,1315362,0.1045,-0.0222
99.47,612.5,757755,1315320,0.1064,-0.0222
99.85,609.7,757886,1315279,0.1073,-0.0221
100.22,607.2,758016,1315238,0.1075,-0.0221
100.60,604.9,758145,1315197,0.1070,-0.0221
100.98,602.6,758274,1315155,0.1062,-0.0221
101.36,600.4,758403,1315114,0.1050,-0.0221
101.73,598.1,758531,1315073,0.1037,-0.0222
102.11,595.7,758658,1315032,0.1022,-0.0225
102.49,593.2,758785,1314990,0.1007,-0.0230
102.87,590.5,758912,1314949,0.0992,-0.0230
103.24,587.6,759038,1314908,0.0977,-0.0229
103.62,584.4,759163,1314867,0.0964,-0.0228
104.00,581.1,759288,1314826,0.0955,-0.0228
104.39,577.3,759418,1314784,0.0968,-0.0227
104.76,573.5,759542,1314742,0.0993,-0.0227
105.14,569.6,759665,1314702,0.1017,-0.0227
105.51,565.7,759788,1314661,0.1038,-0.0227
105.89,561.9,759910,1314620,0.1055,-0.0226
106.26,558.2,760032,1314579,0.1066,-0.0226
106.63,554.5,760153,1314539,0.1071,-0.0226
107.01,551.0,760274,1314498,0.1072,-0.0225
107.38,547.5,760394,1314458,0.1070,-0.0225
107.75,544.0,760514,1314417,0.1066,-0.0225
108.12,540.5,760633,1314376,0.1059,-0.0225
108.50,536.9,760752,1314336,0.1052,-0.0225
108.87,533.2,760872,1314295,0.1044,-0.0225
109.25,529.3,760993,1314253,0.1035,-0.0224
109.63,525.4,761114,1314212,0.1027,-0.0224
110.02,521.2,761234,1314170,0.1021,-0.0224
110.40,517.0,761355,1314128,0.1035,-0.0223
110.78,512.6,761475,1314086,0.1068,-0.0210
111.16,508.3,761593,1314045,0.1103,-0.0201
111.54,503.9,761710,1314004,0.1138,-0.0194
111.91,499.6,761826,1313963,0.1179,-0.0172
112.29,495.4,761940,1313921,0.1215,-0.0129
112.67,491.2,762053,1313881,0.1256,-0.0087
113.04,487.2,762164,1313842,0.1300,-0.0043
113.42,483.3,762275,1313802,0.1334,0.0005
113.80,479.4,762385,1313763,0.1358,0.0044
114.18,475.7,762492,1313724,0.1376,0.0079
114.57,471.9,762604,1313685,0.1389,0.0101
114.95,468.3,762710,1313648,0.1396,0.0105
115.32,464.5,762814,1313611,0.1400,0.0106
115.70,460.7,762918,1313574,0.1403,0.0104
116.08,456.8,763020,1313539,0.1404,0.0103
116.45,452.6,763121,1313504,0.1408,0.0103
116.83,448.2,763222,1313469,0.1417,0.0102
117.21,443.6,763321,1313435,0.1443,0.0102
117.58,438.8,763419,1313402,0.1483,0.0102
117.96,433.8,763516,1313368,0.1530,0.0102
118.34,428.8,763613,1313336,0.1595,0.0102
118.71,424.0,763710,1313302,0.1667,0.0102
119.09,419.5,763807,1313269,0.1731,0.0103
119.46,415.5,763904,1313236,0.1792,0.0104
119.84,412.0,764000,1313204,0.1843,0.0104
120.21,409.0,764095,1313172,0.1879,0.0105
120.58,406.2,764190,1313140,0.1895,0.0105
120.95,403.5,764284,1313109,0.1899,0.0105
121.33,400.9,764377,1313078,0.1897,0.0105
121.70,398.2,764469,1313047,0.1892,0.0105
122.08,395.3,764559,1313017,0.1886,0.0104
122.45,392.2,764648,1312987,0.1875,0.0104
122.83,388.7,764736,1312959,0.1862,0.0104
123.20,385.0,764824,1312930,0.1854,0.0104
123.58,380.9,764910,1312901,0.1864,0.0104
123.95,376.6,764996,1312872,0.1881,0.0103
124.32,372.1,765082,1312844,0.1885,0.0103
124.70,367.4,765168,1312816,0.1886,0.0102
125.07,362.6,765253,1312788,0.1889,0.0101
125.45,357.5,765338,1312760,0.1889,0.0099
125.82,352.4,765422,1312733,0.1888,0.0097
126.19,347.0,765506,1312706,0.1889,0.0096
126.57,341.6,765589,1312680,0.1888,0.0096
126.94,335.9,765672,1312653,0.1898,0.0097
127.31,330.3,765755,1312626,0.1947,0.0097
127.68,325.1,765841,1312598,0.2015,0.0096
128.05,320.3,765927,1312569,0.2080,0.0095
128.43,316.2,766014,1312541,0.2116,0.0094
128.80,312.4,766100,1312512,0.2115,0.0094
129.17,308.8,766186,1312484,0.2097,0.0094
129.54,305.1,766272,1312456,0.2066,0.0093
129.92,301.5,766356,1312428,0.2026,0.0092
130.29,297.6,766440,1312402,0.1981,0.0089
130.66,293.6,766523,1312375,0.1940,0.0088
131.03,289.2,766605,1312349,0.1907,0.0088
131.41,284.4,766688,1312322,0.1901,0.0089
131.78,279.4,766769,1312296,0.1927,0.0089
132.15,273.9,766851,1312269,0.1982,0.0089
132.53,268.4,766932,1312243,0.2078,0.0089
132.89,263.1,767014,1312216,0.2178,0.0089
133.27,258.2,767097,1312190,0.2262,0.0088
133.63,254.0,767180,1312162,0.2323,0.0081
134.01,250.4,767265,1312134,0.2369,0.0065
134.38,247.5,767349,1312106,0.2401,0.0045
134.75,245.2,767434,1312078,0.2402,0.0033
135.12,243.3,767518,1312050,0.2384,0.0021
135.49,241.7,767603,1312022,0.2355,0.0009
135.87,240.1,767687,1311994,0.2317,-0.0002
136.24,238.5,767772,1311966,0.2273,-0.0014
136.62,236.9,767856,1311938,0.2228,-0.0017
136.99,235.0,767940,1311910,0.2184,-0.0014
137.37,233.0,768023,1311882,0.2146,-0.0012
137.74,230.6,768106,1311854,0.2113,-0.0011
138.12,228.0,768189,1311826,0.2085,-0.0011
138.50,225.0,768272,1311798,0.2071,-0.0015
138.87,221.8,768355,1311770,0.2070,-0.0019
139.24,218.3,768437,1311742,0.2079,-0.0019
139.62,214.5,768520,1311714,0.2102,-0.0020
140.00,210.7,768603,1311685,0.2135,-0.0021
140.37,206.9,768686,1311656,0.2171,-0.0022
140.75,203.2,768768,1311628,0.2187,-0.0022
141.12,199.6,768850,1311599,0.2186,-0.0022
141.49,196.1,768933,1311570,0.2174,-0.0022
141.87,192.7,769015,1311542,0.2154,-0.0023
142.24,189.4,769098,1311513,0.2129,-0.0023
142.62,186.0,769182,1311483,0.2101,-0.0023
143.00,182.6,769266,1311453,0.2071,-0.0024
143.38,179.2,769350,1311423,0.2042,-0.0024
143.75,175.8,769433,1311393,0.2015,-0.0024
144.12,172.2,769516,1311363,0.1991,-0.0024
144.50,168.6,769600,1311332,0.1974,-0.0024
144.87,164.9,769684,1311301,0.1970,-0.0024
145.24,161.1,769768,1311271,0.1978,-0.0025
145.62,157.3,769853,1311240,0.1989,-0.0025
145.99,153.5,769937,1311209,0.2007,-0.0025
146.37,149.8,770022,1311179,0.2029,-0.0025
146.74,146.1,770107,1311148,0.2054,-0.0025
147.11,142.5,770193,1311117,0.2076,-0.0026
147.49,139.2,770278,1311086,0.2091,-0.0026
147.86,136.0,770363,1311056,0.2101,-0.0026
148.23,133.0,770448,1311025,0.2108,-0.0026
148.60,130.2,770533,1310995,0.2114,-0.0026
148.97,127.5,770618,1310963,0.2118,-0.0022
149.35,124.9,770703,1310931,0.2122,-0.0022
149.72,122.5,770788,1310899,0.2125,-0.0004
150.09,120.2,770875,1310867,0.2129,0.0001
150.47,118.1,770961,1310835,0.2134,0.0007
150.84,116.0,771048,1310803,0.2139,0.0006
151.21,114.1,771134,1310771,0.2146,0.0005
151.59,112.2,771220,1310740,0.2142,0.0005
151.96,110.3,771306,1310710,0.2122,0.0004
152.34,108.2,771390,1310679,0.2094,0.0004
152.71,105.9,771474,1310649,0.2061,0.0004
153.08,103.3,771558,1310618,0.2054,0.0006
153.45,100.8,771643,1310588,0.2067,0.0009
153.82,98.4,771729,1310557,0.2086,0.0011
154.20,96.1,771816,1310526,0.2091,0.0012
154.57,93.7,771902,1310496,0.2087,0.0013
154.95,91.4,771988,1310465,0.2080,0.0013
155.32,89.0,772073,1310435,0.2070,0.0014
155.69,86.5,772159,1310405,0.2058,0.0014
156.06,83.9,772244,1310375,0.2043,0.0014
156.44,81.1,772328,1310345,0.2028,0.0013
156.81,78.2,772413,1310315,0.2012,0.0013
157.18,75.2,772498,1310285,0.1994,0.0013
157.55,72.0,772583,1310256,0.1976,0.0013
157.93,68.6,772667,1310227,0.1957,0.0013
158.30,65.0,772751,1310198,0.1937,0.0013
158.68,61.3,772836,1310170,0.1917,0.0013
159.04,57.3,772919,1310142,0.1897,0.0013
159.42,53.2,773003,1310113,0.1879,0.0013
159.81,48.7,773091,1310083,0.1867,0.0013
160.18,44.4,773176,1310054,0.1866,0.0013
160.56,40.0,773261,1310026,0.1875,0.0013
160.93,35.9,773345,1309997,0.1893,0.0014
161.30,31.9,773428,1309969,0.1920,0.0014
161.67,28.3,773511,1309941,0.1958,0.0014
162.04,28.5,773595,1309912,0.2401,0.0016
162.41,29.0,773678,1309884,0.2470,0.0016
162.78,29.7,773759,1309856,0.2505,0.0016
163.15,30.6,773840,1309828,0.2525,0.0016
163.52,31.4,773919,1309801,0.2539,0.0016
163.89,32.1,773997,1309775,0.2544,0.0016
164.26,32.6,774074,1309749,0.2540,0.0016
164.63,32.8,774151,1309723,0.2532,0.0028
165.01,32.7,774227,1309697,0.2512,0.0048
165.38,32.1,774301,1309671,0.2481,0.0059
165.76,31.1,774375,1309647,0.2445,0.0059
166.13,29.6,774447,1309622,0.2403,0.0057
166.50,28.3,774520,1309598,0.2694,0.0064
166.88,28.3,774593,1309574,0.2840,0.0072
167.25,28.3,774666,1309550,0.2927,0.0077
167.62,28.3,774737,1309527,0.2979,0.0085
168.00,28.3,774806,1309505,0.3009,0.0095
168.37,28.3,774875,1309483,0.3032,0.0108
168.75,28.3,774941,1309461,0.3050,0.0123
169.12,28.3,775007,1309440,0.3065,0.0141
169.50,28.3,775070,1309419,0.3080,0.0161
169.88,28.3,775134,1309398,0.3095,0.0184
170.21,28.3,775188,1309380,0.3106,0.0204
170.54,28.3,775241,1309363,0.3116,0.0226
170.88,28.3,775293,1309346,0.3124,0.0250
171.21,28.3,775343,1309330,0.3126,0.0276
171.54,28.3,775392,1309314,0.3127,0.0303
171.88,28.3,775440,1309298,0.3126,0.0332
172.21,28.3,775486,1309283,0.3126,0.0363
172.54,28.3,775531,1309267,0.3126,0.0396
172.87,28.3,775574,1309252,0.3125,0.0430
173.20,28.3,775616,1309236,0.3124,0.0466
173.54,28.3,775657,1309221,0.3124,0.0503
173.87,28.3,775696,1309206,0.3123,0.0542
174.20,28.3,775734,1309191,0.3122,0.0582
174.53,28.3,775771,1309176,0.3121,0.0624
174.87,28.3,775806,1309161,0.3120,0.0667
175.20,28.3,775840,1309147,0.3119,0.0712
175.53,28.3,775873,1309133,0.3118,0.0758
175.87,28.3,775904,1309119,0.3117,0.0805
176.20,28.3,775934,1309105,0.3116,0.0854
176.53,28.3,775962,1309092,0.3114,0.0904
176.86,28.3,775989,1309078,0.3113,0.0954
177.20,28.3,776015,1309066,0.3110,0.1043
177.53,28.3,776039,1309054,0.3107,0.1147
177.86,28.3,776062,1309042,0.3103,0.1252
178.20,28.3,776084,1309031,0.3099,0.1359
178.54,28.3,776105,1309021,0.3096,0.1442
178.87,28.3,776123,1309012,0.3096,0.1442
179.21,28.3,776139,1309003,0.3096,0.1442
179.55,28.3,776153,1308997,0.3096,0.1442
179.88,28.3,776164,1308991,0.3096,0.1442
180.22,28.3,776172,1308987,0.3096,0.1442
180.55,28.3,776178,1308984,0.3096,0.1442
180.89,28.3,776181,1308982,0.3096,0.1442
181.22,28.3,776182,1308982,0.3096,0.1442
181.56,28.3,776182,1308982,0.3096,0.1442
181.89,28.3,776182,1308982,0.3096,0.1442
182.22,28.3,776183,1308982,0.3096,0.1442
182.56,28.3,776183,1308981,0.3096,0.1442
182.89,28.3,776183,1308981,0.3096,0.1442
183.22,28.3,776183,1308981,0.3096,0.1442
183.55,28.3,776183,1308981,0.3096,0.1442
183.88,28.3,776184,1308981,0.3096,0.1442
184.22,28.3,776184,1308981,0.3096,0.1442
184.55,28.3,776184,1308981,0.3096,0.1442
184.88,28.3,776184,1308981,0.3096,0.1442
185.41,28.3,776184,1308981,0.3096,0.1442
185.94,28.3,776184,1308981,0.3096,0.1442
186.47,28.3,776184,1308981,0.3096,0.1442
187.00,28.3,776184,1308981,0.3096,0.1442
187.53,28.3,776184,1308981,0.3096,0.1442
188.06,28.3,776184,1308981,0.3096,0.1442
188.60,28.3,776184,1308981,0.3096,0.1442
189.13,28.3,776184,1308981,0.3096,0.1442
189.66,28.3,776184,1308981,0.3096,0.1442
190.19,28.3,776184,1308981,0.3096,0.1442
190.72,28.3,776184,1308981,0.3096,0.1442
191.26,28.3,776184,1308981,0.3096,0.1442
191.79,28.3,776184,1308981,0.3096,0.1442
192.32,28.3,776184,1308981,0.3096,0.1442
192.92,28.3,776184,1308981,0.3096,0.1442
193.35,28.3,776184,1308981,0.3096,0.1442
193.78,28.3,776184,1308981,0.3096,0.1442
194.20,28.3,776184,1308981,0.3096,0.1442
194.63,28.3,776184,1308981,0.3096,0.1442
195.05,28.3,776184,1308981,0.3096,0.1442
195.48,28.3,776184,1308981,0.3096,0.1442
195.91,28.3,776184,1308981,0.3096,0.1442
196.34,28.3,776184,1308981,0.3096,0.1442
196.77,28.3,776184,1308981,0.3096,0.1442
197.17,28.3,776184,1308981,0.3096,0.1442
197.60,28.3,776184,1308981,0.3096,0.1442
198.03,28.3,776184,1308981,0.3096,0.1442
198.47,28.3,776184,1308981,0.3096,0.1442
198.88,28.3,776184,1308981,0.3096,0.1442
199.30,28.3,776184,1308981,0.3096,0.1442
199.72,28.3,776184,1308981,0.3096,0.1442
200.11,28.3,776184,1308981,0.3096,0.1442
200.56,28.3,776184,1308981,0.3096,0.1442
201.03,28.3,776184,1308981,0.3096,0.1442
201.46,28.3,776184,1308981,0.3096,0.1442
201.89,28.3,776184,1308981,0.3096,0.1442
202.31,28.3,776184,1308981,0.3096,0.1442
202.74,28.3,776184,1308981,0.3096,0.1442
203.17,28.3,776184,1308981,0.3096,0.1442
203.59,28.3,776184,1308981,0.3096,0.1442
204.02,28.3,776184,1308981,0.3096,0.1442
204.45,28.3,776184,1308981,0.3096,0.1442
204.87,28.3,776184,1308981,0.3096,0.1442
205.30,28.3,776184,1308981,0.3096,0.1442
205.72,28.3,776184,1308981,0.3096,0.1442
206.09,28.3,776184,1308981,0.3096,0.1442
206.36,28.3,776184,1308981,0.3096,0.1442
206.64,28.3,776184,1308981,0.3096,0.1442
206.92,28.3,776184,1308981,0.3096,0.1442
207.20,28.3,776184,1308981,0.3096,0.1442
207.48,28.3,776184,1308981,0.3096,0.1442
207.76,28.3,776184,1308981,0.3096,0.1442
208.04,28.3,776184,1308981,0.3096,0.1442
208.32,28.3,776184,1308981,0.3096,0.1442
208.59,28.3,776184,1308981,0.3096,0.1442
208.87,28.3,776184,1308981,0.3096,0.1442
209.14,28.3,776184,1308981,0.3096,0.1442
209.42,28.3,776184,1308981,0.3096,0.1442
209.70,28.3,776184,1308981,0.3096,0.1442
209.98,28.3,776184,1308981,0.3096,0.1442
210.26,28.3,776184,1308981,0.3096,0.1442
210.53,28.3,776184,1308981,0.3096,0.1442
210.81,28.3,776184,1308981,0.3096,0.1442
